{"3D":false,"antialiasing_level":4,"boundary_limit":0.19699999690055847,"doppler_effect":true,"doppler_factor":10.00100040435791,"energy_conservation":false,"force_factor":55.55500030517578,"friction_coefficient":0.1459999978542328,"interactions":[0.4000000059604645,1.0,-1.0,-1.0,0.4000000059604645,1.0,1.0,-1.0,0.4000000059604645],"max_range":106.83799743652344,"particle_size":4.038000106811523,"temperature":0.0,"title":"Emergence","types":[{"amount":73,"color":[0,0,255],"id":0},{"amount":141,"color":[138,138,138],"id":1},{"amount":77,"color":[0,255,113],"id":2}]}