{"3D":true,"antialiasing_level":4,"boundary_limit":0.1340000033378601,"doppler_effect":true,"doppler_factor":60.76900100708008,"energy_conservation":true,"force_factor":2500.0,"friction_coefficient":0.05000000074505806,"interactions":[0.05000000074505806,1.0,1.0,1.0,1.0,-1.0,1.0,-1.0,1.0],"max_range":504.27398681640625,"particle_size":3.4619998931884766,"temperature":0.0,"title":"Emergence","types":[{"amount":376,"color":[59,59,118],"id":0},{"amount":491,"color":[0,255,40],"id":1},{"amount":158,"color":[168,68,68],"id":2}]}